rotation x;rotation z;real x;real z

0;358.7618;0;-0.3537685
5.336085E-08;358.5328;1.494104E-08;-0.4191895
-2.134434E-07;354.1111;-5.976415E-08;-1.682547
2.134434E-07;353.1198;5.976415E-08;-1.965759
0;351.8088;0;-2.34035
0;350.5232;0;-2.70765
4.268868E-07;350.1185;1.195283E-07;-2.823277
0;351.6191;0;-2.394531
2.134434E-07;355.1015;5.976415E-08;-1.399562
-5.336085E-08;0.9828675;-1.494104E-08;0.2808193
0;5.814686;0;1.661339
2.134434E-07;5.921535;5.976415E-08;1.691867
0;7.559745;0;2.159927
4.268868E-07;13.94143;1.195283E-07;3.983264
-1.707547E-06;29.16699;-4.781132E-07;8.333426
1.707547E-06;34.39951;4.781132E-07;9.82843
0;34.9595;0;9.98843
-1.707547E-06;34.68036;-4.781132E-07;9.908675
0;34.07915;0;9.736902
1.707547E-06;33.65137;4.781132E-07;9.614679
-1.707547E-06;34.49166;-4.781132E-07;9.854762
0;35.13258;0;10
-1.707547E-06;35.54857;-4.781132E-07;10
0;35.95119;0;10
-1.707547E-06;36.22118;-4.781132E-07;10
-1.707547E-06;36.45226;-4.781132E-07;10
0;36.64051;0;10
0;36.78767;0;10
0;36.89451;0;10
1.707547E-06;36.94503;4.781132E-07;10
0;36.98524;0;10
0;37.00123;0;10
0;37.00377;0;10
0;36.99117;0;10
0;36.9595;0;10
0;36.91265;0;10
1.707547E-06;36.85229;4.781132E-07;10
0;36.77793;0;10
0;36.68098;0;10
1.707547E-06;36.53944;4.781132E-07;10
1.707547E-06;36.38369;4.781132E-07;10
0;36.21538;0;10
0;36.04354;0;10
0;35.85132;0;10
0;35.6044;0;10
1.707547E-06;35.3041;4.781132E-07;10
0;34.89244;0;9.969268
-1.707547E-06;34.42412;-4.781132E-07;9.835463
0;33.99662;0;9.713321
0;33.97572;0;9.707348
-1.707547E-06;33.74125;-4.781132E-07;9.640358
0;33.46516;0;9.561474
-1.707547E-06;33.23357;-4.781132E-07;9.495306
0;33.00355;0;9.429586
-1.707547E-06;32.74501;-4.781132E-07;9.355719
-1.707547E-06;32.46091;-4.781132E-07;9.274546
0;32.24422;0;9.212634
-1.707547E-06;32.18993;-4.781132E-07;9.197124
0;32.03152;0;9.151865
-1.707547E-06;31.78573;-4.781132E-07;9.081636
0;31.54077;0;9.011648
0;31.29432;0;8.941236
0;30.98343;0;8.852408
1.707547E-06;30.68256;4.781132E-07;8.766446
-1.707547E-06;30.42013;-4.781132E-07;8.691467
-8.537737E-07;30.13666;-2.390566E-07;8.610474
-8.537737E-07;29.85839;-2.390566E-07;8.53097
0;29.57408;0;8.449738
-8.537737E-07;29.20261;-2.390566E-07;8.343603
8.537737E-07;28.77157;2.390566E-07;8.220448
-8.537737E-07;28.36705;-2.390566E-07;8.104873
0;27.88427;0;7.966934
0;27.11316;0;7.746617
0;26.76614;0;7.64747
-1.707547E-06;25.09593;-4.781132E-07;7.170267
8.537737E-07;23.47233;2.390566E-07;6.706381
-1.707547E-06;21.61483;-4.781132E-07;6.175665
8.537737E-07;19.25228;2.390566E-07;5.500653
0;16.78177;0;4.794792
0;14.55707;0;4.159163
0;12.82447;0;3.664135
0;11.70969;0;3.345627
4.268868E-07;12.25469;1.195283E-07;3.50134
0;14.79802;0;4.228007
0;17.28104;0;4.93744
0;17.30792;0;4.945121
0;17.28577;0;4.938791
0;17.22491;0;4.921402
0;17.13266;0;4.895046
0;17.01593;0;4.861696
0;16.86578;0;4.818796
0;16.70817;0;4.773764
0;16.56469;0;4.732768
0;16.41335;0;4.689528
-8.537737E-07;16.27046;-2.390566E-07;4.648703
0;16.22302;0;4.63515
0;16.22302;0;4.63515
-8.537737E-07;15.8995;-2.390566E-07;4.542713
-8.537737E-07;15.56196;-2.390566E-07;4.446275
0;15.3289;0;4.379685
0;15.17984;0;4.337096
0;15.12312;0;4.320892
-8.537737E-07;15.13519;-2.390566E-07;4.324339
0;15.19663;0;4.341896
0;15.26602;0;4.36172
-8.537737E-07;15.36138;-2.390566E-07;4.388967
-8.537737E-07;15.46723;-2.390566E-07;4.419208
0;15.53322;0;4.438063
0;15.5943;0;4.455515
8.537737E-07;15.60771;2.390566E-07;4.459345
-4.268868E-07;15.56112;-1.195283E-07;4.446035
-8.537737E-07;15.46527;-2.390566E-07;4.418649
-4.268868E-07;15.26193;-1.195283E-07;4.360552
-4.268868E-07;15.02588;-1.195283E-07;4.293109
0;14.72287;0;4.206535
0;14.54375;0;4.155357
-8.537737E-07;15.05074;-2.390566E-07;4.300211
-8.537737E-07;15.24415;-2.390566E-07;4.355471
-4.268868E-07;15.30994;-1.195283E-07;4.374269
-4.268868E-07;15.28654;-1.195283E-07;4.367582
-1.920991E-06;15.18148;-5.378774E-07;4.337565
2.134434E-07;15.02321;5.976415E-08;4.292345
0;14.89386;0;4.255389
2.134434E-07;14.74139;5.976415E-08;4.211824
-2.134434E-07;14.57253;-5.976415E-08;4.163581
1.067217E-06;14.42406;2.988208E-07;4.121161
0;14.23978;0;4.068508
-8.537737E-07;14.07096;-2.390566E-07;4.020275
6.403303E-07;13.89132;1.792925E-07;3.968949
-4.268868E-07;13.68602;-1.195283E-07;3.910293
0;13.41508;0;3.832879
-6.403303E-07;13.17593;-1.792925E-07;3.764552
0;12.89838;0;3.685252
-6.403303E-07;12.61881;-1.792925E-07;3.605375
4.268868E-07;12.36124;1.195283E-07;3.531784
2.134434E-07;12.01049;5.976415E-08;3.43157
4.268868E-07;11.70807;1.195283E-07;3.345163
0;11.26524;0;3.218639
0;10.86754;0;3.105012
2.134434E-07;10.29415;5.976415E-08;2.941185
2.134434E-07;9.688677;5.976415E-08;2.768193
4.268868E-07;9.054029;1.195283E-07;2.586865
0;8.145258;0;2.327217
0;7.04706;0;2.013446
0;5.785461;0;1.652989
3.201651E-07;4.578948;8.964624E-08;1.308271
0;3.083903;0;0.8811151
0;3.001051;0;0.8574432
0;1.439328;0;0.4112366
6.670107E-09;0.2635261;1.86763E-09;0.07529317
0;359.4361;0;-0.1611067
1.067217E-07;358.6354;2.988208E-08;-0.3898751
0;357.951;0;-0.5854231
-1.067217E-07;357.3263;-2.988208E-08;-0.7639161
-1.067217E-07;356.7541;-2.988208E-08;-0.9274031
0;356.2229;0;-1.079163
0;355.7693;0;-1.208766
0;355.3148;0;-1.338641
0;354.9248;0;-1.450056
0;354.6103;0;-1.539917
2.134434E-07;354.2165;5.976415E-08;-1.65244
0;353.8109;0;-1.768319
0;353.5402;0;-1.845668
-2.134434E-07;353.2847;-5.976415E-08;-1.918649
-4.268868E-07;353.0433;-1.195283E-07;-1.987636
-2.134434E-07;352.7694;-5.976415E-08;-2.065875
-2.134434E-07;352.5802;-5.976415E-08;-2.119934
4.268868E-07;352.3789;1.195283E-07;-2.177464
4.268868E-07;352.2003;1.195283E-07;-2.228481
0;352.0439;0;-2.273159
-4.268868E-07;351.8634;-1.195283E-07;-2.324733
4.268868E-07;351.7182;1.195283E-07;-2.36622
4.268868E-07;351.5911;1.195283E-07;-2.402553
0;351.4618;0;-2.439488
-4.268868E-07;351.3265;-1.195283E-07;-2.478141
0;351.2459;0;-2.501168
0;351.1772;0;-2.520804
0;351.1293;0;-2.534494
0;351.0993;0;-2.543047
0;351.1038;0;-2.541774
4.268868E-07;351.1391;1.195283E-07;-2.531686
0;351.2299;0;-2.505746
0;351.3487;0;-2.471793
0;351.5531;0;-2.4134
0;351.8564;0;-2.326739
0;352.0621;0;-2.267962
359.6893;352.1368;-0.0869873;-2.246634
359.4171;352.2242;-0.1632251;-2.221654
359.1671;352.3182;-0.2331995;-2.194789
358.9586;352.3983;-0.291604;-2.171901
358.6946;352.5;-0.3655005;-2.142866
358.4831;352.5834;-0.4247424;-2.119019
358.2387;352.6678;-0.4931702;-2.094901
357.962;352.7698;-0.5706384;-2.065761
357.7237;352.8514;-0.6373743;-2.042446
357.4321;352.9427;-0.7190124;-2.016366
357.1859;353.0154;-0.7879443;-1.995606
357.0116;353.0636;-0.8367444;-1.981829
356.8228;353.1155;-0.8896118;-1.966998
356.6338;353.1637;-0.9425391;-1.953221
356.429;353.2143;-0.9998926;-1.938764
356.2437;353.2602;-1.051752;-1.925651
356.0358;353.305;-1.109968;-1.912851
355.2397;353.4659;-1.332871;-1.866874
354.512;353.5875;-1.536633;-1.832153
353.9595;353.6648;-1.691331;-1.81005
353.4648;353.7276;-1.829852;-1.792123
353.062;353.7693;-1.942637;-1.780186
352.5656;353.818;-2.08162;-1.766279
352.1251;353.8578;-2.204974;-1.7549
351.7419;353.8885;-2.312282;-1.746129
351.427;353.9111;-2.40044;-1.739676
351.1664;353.929;-2.473413;-1.734584
350.912;353.9467;-2.544635;-1.729501
350.7231;353.961;-2.597537;-1.725429
350.5196;353.9764;-2.654523;-1.721026
350.3251;353.9919;-2.708971;-1.716588
350.0535;354.0113;-2.785012;-1.711051
349.8795;353.9757;-2.833752;-1.721226
349.6207;353.9173;-2.906213;-1.737924
349.4389;353.8806;-2.957107;-1.748387
349.287;353.8577;-2.999635;-1.754935
349.1546;353.8364;-3.036711;-1.761021
348.9149;353.8015;-3.10384;-1.770988
348.788;353.7873;-3.139362;-1.775068
348.6616;353.7759;-3.174763;-1.778303
348.513;353.758;-3.21636;-1.78343
348.3846;353.7519;-3.252326;-1.785165
348.2964;353.7438;-3.276995;-1.787484
348.1712;353.7329;-3.312072;-1.790597
348.062;353.7294;-3.342654;-1.791591
347.9459;353.7242;-3.375142;-1.793073
347.8281;353.7216;-3.408125;-1.793815
347.6954;353.7155;-3.445278;-1.795585
347.5597;353.7114;-3.483286;-1.796753
347.4666;353.7112;-3.509365;-1.796814
347.2747;353.7109;-3.563087;-1.796884
347.157;353.7123;-3.596036;-1.796474
347.0396;353.7161;-3.628909;-1.795393
346.953;353.7148;-3.653151;-1.795768
346.837;353.7195;-3.685647;-1.794434
346.7289;353.7242;-3.715904;-1.7931
346.6344;353.726;-3.742368;-1.792585
346.5537;353.7294;-3.764961;-1.7916
346.4567;353.735;-3.792134;-1.790013
346.3316;353.7421;-3.827159;-1.787964
346.2011;353.7502;-3.863698;-1.785671
346.0694;353.7617;-3.900569;-1.782375
345.9627;353.7674;-3.93045;-1.780744
345.812;353.7815;-3.972637;-1.776707
345.6896;353.7924;-4.00691;-1.773594
345.5558;353.8098;-4.044388;-1.768625
345.4267;353.8197;-4.080516;-1.765808
345.3137;353.8334;-4.112167;-1.761884
345.1801;353.8478;-4.149559;-1.757778
345.0564;353.8648;-4.184209;-1.752921
344.9454;353.8804;-4.215278;-1.748466
344.8049;353.8958;-4.254619;-1.744045
344.6806;353.913;-4.289431;-1.739136
344.5515;353.9375;-4.325593;-1.732152
344.4254;353.9549;-4.360884;-1.727164
344.3225;353.968;-4.389706;-1.723441
344.1826;353.9946;-4.428859;-1.715829
344.0462;354.0147;-4.467063;-1.710092
343.9262;354.0363;-4.500653;-1.703919
343.7935;354.0596;-4.537815;-1.697248
343.6607;354.0826;-4.575003;-1.6907
343.5205;354.1146;-4.614249;-1.681536
343.3742;354.1388;-4.655222;-1.674622
343.2745;354.1646;-4.683138;-1.667254
343.1151;354.1992;-4.727786;-1.657357
342.9736;354.2266;-4.7674;-1.649536
342.8349;354.2536;-4.806228;-1.64182
342.7085;354.2947;-4.841612;-1.630075
342.5608;354.3247;-4.882987;-1.621504
342.4401;354.3542;-4.916774;-1.613072
342.3027;354.385;-4.955235;-1.604292
342.1347;354.4266;-5.002283;-1.592407
342.0109;354.4612;-5.03695;-1.58252
341.9131;354.4966;-5.064336;-1.572414
341.7665;354.5297;-5.105386;-1.562945
341.6277;354.5628;-5.144239;-1.553493
341.5182;354.5994;-5.17489;-1.54303
341.385;354.6375;-5.212197;-1.532139
341.2353;354.69;-5.254127;-1.517133
341.1221;354.727;-5.285812;-1.506583
340.9701;354.766;-5.328382;-1.495431
340.8246;354.8228;-5.369125;-1.479213
340.6901;354.8638;-5.406765;-1.467494
340.5579;354.9054;-5.443799;-1.455601
340.4167;354.9487;-5.483319;-1.44322
340.2711;355.0083;-5.524096;-1.4262
340.1651;355.0391;-5.553763;-1.417411
340.0334;355.1024;-5.590643;-1.399327
339.8772;355.1477;-5.634385;-1.386379
339.7327;355.2121;-5.674837;-1.367981
339.6445;355.2468;-5.699548;-1.358067
339.4698;355.3127;-5.748442;-1.339225
339.3403;355.3649;-5.784716;-1.324315
339.1447;355.4531;-5.839497;-1.299125
338.9962;355.509;-5.881068;-1.283142
338.8712;355.564;-5.916051;-1.267421
338.7221;355.6375;-5.957819;-1.246416
338.5111;355.735;-6.01689;-1.218576
338.3329;355.8156;-6.066783;-1.195539
338.1559;355.8981;-6.116361;-1.17198
337.9684;356.0031;-6.168861;-1.141977
337.7979;356.0889;-6.216601;-1.117449
337.6426;356.1786;-6.260078;-1.091832
337.4917;356.2464;-6.302333;-1.072466
337.3285;356.3396;-6.348014;-1.045829
337.1811;356.4343;-6.389295;-1.018764
337.0246;356.5333;-6.433121;-0.990496
336.8694;356.6319;-6.476564;-0.9623152
336.7487;356.7075;-6.510359;-0.9407262
336.5931;356.7843;-6.553938;-0.9187797
336.4397;356.8928;-6.596876;-0.8877651
336.3189;356.9729;-6.630697;-0.8648944
336.1378;357.0844;-6.681428;-0.8330166
335.9344;357.2567;-6.73838;-0.7838135
335.7357;357.3737;-6.793999;-0.7503837
335.595;357.4937;-6.8334;-0.7160994
335.3885;357.6494;-6.891206;-0.6716135
335.2582;357.7448;-6.927701;-0.6443481
335.0977;357.8758;-6.972639;-0.6069075
334.9092;358.0423;-7;-0.5593436
334.7658;358.1805;-7;-0.5198539
334.6408;358.2861;-7;-0.4896938
334.4177;358.5022;-7;-0.4279436
334.2102;358.69;-7;-0.3742937
334.0348;358.8827;-7;-0.3192313
333.8561;359.0416;-7;-0.2738386
333.6707;359.2458;-7;-0.2154716
333.5285;359.4129;-7;-0.1677333
333.3294;359.6294;-7;-0.1058786
333.1733;359.8064;-7;-0.05530657
333.0129;359.988;-7;-0.003426688
332.8692;0.1750235;-7;0.05000672
332.7339;0.365988;-7;0.104568
332.5035;0.6629492;-7;0.1894141
332.3133;0.9697642;-7;0.2770755
332.1285;1.235616;-7;0.353033
331.9271;1.565032;-7;0.447152
331.6969;1.907288;-7;0.5449394
331.4912;2.263337;-7;0.6466678
331.3012;2.632051;-7;0.7520148
331.0856;3.014977;-7;0.8614222
330.8988;3.412891;-7;0.9751117
330.7336;3.755238;-7;1.072925
330.5391;4.183038;-7;1.195154
330.3649;4.622344;-7;1.32067
330.1643;5.081248;-7;1.451785
330.1072;5.323963;-7;1.521132
330.529;5.771435;-7;1.648982
330.9038;6.286517;-7;1.796148
331.2707;6.690647;-7;1.911614
331.6402;7.077876;-7;2.02225
332.0229;7.439505;-7;2.125573
332.5226;7.925835;-7;2.264524
332.8998;8.250772;-7;2.357363
333.3352;8.554578;-7;2.444165
333.9342;9.015412;-7;2.575832
334.2914;9.286532;-7;2.653295
334.6562;9.541864;-7;2.726247
335.0613;9.785192;-6.982825;2.795769
335.5183;10.05971;-6.854882;2.874203
335.9733;10.26597;-6.727468;2.933136
336.5103;10.54796;-6.577103;3.013704
336.9535;10.77588;-6.453031;3.078822
337.4462;10.98514;-6.315056;3.138611
337.8795;11.14654;-6.193744;3.184727
338.2813;11.30087;-6.081224;3.22882
338.8438;11.50281;-5.923724;3.286516
339.1454;11.61753;-5.839301;3.319296
339.5016;11.71729;-5.739539;3.347796
339.8574;11.84597;-5.639922;3.384563
340.204;11.93921;-5.542877;3.411202
340.5174;12.0291;-5.455121;3.436886
340.8727;12.11179;-5.355641;3.460512
341.3555;12.23285;-5.220452;3.495099
341.8521;12.34599;-5.081426;3.527426
342.2148;12.41224;-4.979852;3.546355
342.5305;12.48185;-4.891472;3.566243
342.9969;12.55502;-4.760863;3.587147
343.3973;12.63012;-4.648754;3.608605
343.8776;12.71608;-4.514282;3.633166
344.2603;12.76069;-4.407103;3.645912
344.6515;12.8233;-4.297583;3.6638
345.0358;12.88324;-4.189985;3.680927
345.4163;12.92195;-4.083447;3.691986
345.8163;12.97027;-3.971441;3.705793
346.1964;13.00465;-3.865005;3.715615
346.5958;13.04751;-3.753177;3.727859
347.0119;13.08554;-3.636659;3.738726
347.4771;13.11672;-3.5064;3.747634
347.8564;13.15154;-3.400204;3.757584
348.2294;13.17526;-3.295776;3.764361
348.6739;13.20002;-3.171311;3.771434
349.1118;13.22209;-3.0487;3.777739
349.4142;13.24196;-2.964028;3.783417
349.7979;13.25587;-2.856593;3.787393
350.1339;13.26925;-2.762513;3.791214
350.503;13.28367;-2.659171;3.795333
350.9134;13.29011;-2.544242;3.797175
351.2716;13.2995;-2.443942;3.799858
351.6314;13.30668;-2.343197;3.801908
352.0554;13.30875;-2.224499;3.802501
352.4213;13.30987;-2.122037;3.802821
352.7797;13.30654;-2.021677;3.801868
353.0574;13.31;-1.943927;3.802858
353.5566;13.30398;-1.804141;3.801136
353.9503;13.29837;-1.693928;3.799535
354.4324;13.28686;-1.558927;3.796245
354.7684;13.2778;-1.464847;3.793657
355.1712;13.26591;-1.352072;3.790262
355.5866;13.24518;-1.235749;3.784337
355.8796;13.23289;-1.153701;3.780826
356.2808;13.2122;-1.041387;3.774914
356.6756;13.19031;-0.930824;3.768661
357.1393;13.16484;-0.8009839;3.761384
357.6198;13.12796;-0.6664698;3.750846
358.2564;13.07839;-0.4882056;3.736682
358.5827;13.0489;-0.3968347;3.728256
359.0213;13.00664;-0.2740442;3.716182
359.4335;12.95638;-0.1586108;3.701822
359.8372;12.90654;-0.04557861;3.687584
0.3168878;12.84667;0.08872859;3.670478
0.6128214;12.81751;0.17159;3.662145
0.9562666;12.7612;0.2677547;3.646058
1.349491;12.69866;0.3778576;3.62819
1.733883;12.63468;0.4854872;3.60991
1.985247;12.59277;0.5558691;3.597935
2.362248;12.5224;0.6614293;3.577829
2.730498;12.44763;0.7645395;3.556467
3.100685;12.36546;0.8681918;3.53299
3.511495;12.28173;0.9832186;3.509066
3.863394;12.18934;1.081751;3.482667
4.351206;12.05332;1.218338;3.443807
4.693481;11.94953;1.314175;3.414152
5.078026;11.83616;1.421847;3.381761
5.414867;11.718;1.516163;3.347999
5.770113;11.59018;1.615631;3.311481
6.204132;11.43246;1.737157;3.266417
6.561363;11.28657;1.837182;3.224734
6.864912;11.13487;1.922175;3.181391
7.263279;10.93926;2.033718;3.125503
7.540786;10.80104;2.11142;3.08601
7.922638;10.58045;2.218339;3.022985
8.293185;10.34295;2.322092;2.95513
8.65517;10.13322;2.423448;2.895207
8.960075;9.905628;2.508821;2.83018
9.262804;9.662368;2.593585;2.760677
9.565186;9.409362;2.678252;2.688389
9.876971;9.087417;2.765552;2.596405
9.826686;8.921483;2.751472;2.548995
9.773363;8.757967;2.736542;2.502276
9.712513;8.478696;2.719504;2.422485
9.655174;8.306796;2.703449;2.37337
9.600142;8.072726;2.68804;2.306493
9.540771;7.833187;2.671416;2.238054
9.486911;7.593758;2.656335;2.169645
9.436081;7.349664;2.642103;2.099904
9.357774;7.041192;2.620177;2.011769
9.296028;6.796209;2.602888;1.941774
9.202829;6.365948;2.576792;1.818842
9.129593;6.060548;2.556286;1.731585
9.039047;5.700511;2.530933;1.628717
8.938275;5.286256;2.502717;1.510359
8.838591;4.94228;2.474805;1.41208
8.743126;4.553519;2.448075;1.301005
8.671541;4.283609;2.428031;1.223888
8.605704;4.073754;2.409597;1.16393
8.532731;3.821242;2.389165;1.091783
8.448782;3.574264;2.365659;1.021218
8.369768;3.339144;2.343535;0.9540412
8.318314;3.156538;2.329128;0.9018682
8.216711;2.891369;2.300679;0.8261054
8.124748;2.645667;2.27493;0.755905
8.021926;2.368722;2.246139;0.6767779
7.915835;2.147174;2.216434;0.6134782
7.820684;1.938053;2.189792;0.5537295
7.707177;1.709416;2.15801;0.4884046
7.636437;1.555571;2.138202;0.4444489
7.524166;1.35501;2.106766;0.3871457
7.402264;1.169407;2.072634;0.3341163
7.297431;0.9984616;2.043281;0.2852747
7.22192;0.8872412;2.022137;0.2534975
7.121144;0.7646781;1.99392;0.2184795
7.000611;0.6155277;1.960171;0.1758651
6.913446;0.531867;1.935765;0.151962
6.801684;0.423596;1.904472;0.1210274
6.664858;0.3109442;1.86616;0.08884119
6.535833;0.2204308;1.830033;0.06298023
6.433721;0.1721044;1.801442;0.04917269
6.345452;0.1367113;1.776727;0.03906037
6.260973;0.111788;1.753073;0.03193944
6.164717;0.09645024;1.726121;0.02755721
6.069515;0.09779006;1.699464;0.02794002
5.963673;0.1158809;1.669829;0.03310883
5.882464;0.1490147;1.64709;0.04257562
5.77418;0.1990401;1.616771;0.0568686
5.679765;0.2861641;1.590334;0.08176118
5.605111;0.3521313;1.569431;0.100609
5.518342;0.4695514;1.545136;0.1341575
5.447779;0.5837097;1.525378;0.1667742
5.362658;0.7222522;1.501544;0.2063578
5.295854;0.8775824;1.482839;0.2507378
5.228194;1.051982;1.463894;0.3005662
5.166274;1.213767;1.446557;0.3467907
5.098457;1.429197;1.427568;0.408342
5.036309;1.617498;1.410167;0.4621423
4.9977;1.742807;1.399356;0.4979449
5.088346;1.591114;1.424737;0.4546041
5.163815;1.451758;1.445868;0.4147879
5.263632;1.311698;1.473817;0.3747708
5.345305;1.175875;1.496686;0.3359642
5.449161;1.000393;1.525765;0.2858267
5.541903;0.8306052;1.551733;0.2373158
5.609764;0.7447297;1.570734;0.2127799
5.708997;0.5844076;1.598519;0.1669736
5.795683;0.4702666;1.622791;0.1343619
5.87374;0.354863;1.644647;0.1013894
5.936809;0.2432018;1.662307;0.06948624
6.004594;0.1726881;1.681286;0.04933947
6.068719;0.06791668;1.699241;0.01940477
6.156035;359.9671;1.72369;-0.009390695
6.242865;359.8384;1.748002;-0.04616002
6.328643;359.7482;1.77202;-0.07194301
6.433041;359.6334;1.801252;-0.1047451
6.532285;359.5249;1.82904;-0.1357335
6.626999;359.4257;1.85556;-0.1640887
6.720566;359.3345;1.881758;-0.190142
6.791137;359.2671;1.901518;-0.2094029
6.858666;359.2306;1.920426;-0.2198225
6.96387;359.1387;1.949884;-0.2460938
7.051849;359.0882;1.974518;-0.2605068
7.125045;359.0468;1.995013;-0.2723476
7.194366;359.0065;2.014423;-0.2838571
7.268556;358.9739;2.035196;-0.2931693
7.341618;358.9466;2.055653;-0.3009731
7.427555;358.9163;2.079715;-0.3096313
7.493971;358.8995;2.098312;-0.314427
7.562384;358.8854;2.117467;-0.3184553
7.650326;358.8807;2.142091;-0.3197894
7.712232;358.8791;2.159425;-0.3202602
7.781454;358.8843;2.178807;-0.3187692
7.852479;358.8938;2.198694;-0.3160488
7.91076;358.9105;2.215013;-0.311288
8.007071;358.9385;2.24198;-0.3032837
8.064425;358.9668;2.258039;-0.2951922
8.134509;358.9997;2.277663;-0.2857928
8.19226;359.0269;2.293833;-0.2780151
8.277771;359.0863;2.317776;-0.2610648
8.358644;359.1387;2.34042;-0.2460938
8.413811;359.1973;2.355867;-0.2293352
8.469618;359.2401;2.371493;-0.2171108
8.525566;359.3069;2.387159;-0.1980242
8.59391;359.3801;2.406295;-0.177124
8.652427;359.4612;2.422679;-0.1539394
8.744833;359.5793;2.448553;-0.1202131
8.8094;359.6739;2.466632;-0.09318325
8.891274;359.8122;2.489557;-0.05366734
8.98071;359.961;2.514599;-0.01113456
9.044707;0.07982101;2.532518;0.02280601
9.120605;0.2072394;2.55377;0.05921127
9.191581;0.3879829;2.573643;0.1108523
9.268995;0.5303674;2.595319;0.1515336
9.346014;0.7334728;2.616884;0.2095637
9.417069;0.8928717;2.63678;0.2551062
9.479606;1.060019;2.654289;0.3028625
9.536143;1.234869;2.67012;0.3528198
9.606382;1.420832;2.689787;0.405952
9.659695;1.610248;2.704715;0.460071
9.711331;1.807769;2.719173;0.5165054
9.784976;2.015377;2.739793;0.575822
9.852304;2.303775;2.758645;0.6582214
9.913224;2.529236;2.775703;0.722639
9.984492;2.7667;2.795658;0.7904858
9.988503;2.775697;2.796781;0.7930564
10.06984;2.591456;2.819555;0.7404161
10.13773;2.36775;2.838564;0.6765
10.2005;2.265968;2.85614;0.6474196
10.27225;2.079715;2.876231;0.5942042
10.3325;1.99389;2.893101;0.5696828
10.38461;1.876134;2.90769;0.5360382
10.43311;1.804997;2.921271;0.5157135
10.48623;1.737768;2.936144;0.4965051
10.54413;1.650313;2.952355;0.4715179
10.61945;1.571998;2.973447;0.4491422
10.68381;1.503919;2.991466;0.4296912
10.7505;1.447331;3.010139;0.4135233
10.80827;1.398982;3.026316;0.3997091
10.85907;1.376397;3.04054;0.3932563
10.92216;1.355651;3.058205;0.3873288
10.98397;1.333363;3.075512;0.3809609
11.05618;1.320144;3.095731;0.377184
11.11591;1.315686;3.112455;0.3759104
11.16654;1.321214;3.126631;0.3774896
11.21166;1.328249;3.139265;0.3794996
11.28282;1.346505;3.159189;0.3847157
11.35236;1.366147;3.178661;0.3903277
11.40482;1.400826;3.19335;0.400236
11.45861;1.428563;3.20841;0.4081608
11.51696;1.460355;3.224747;0.4172443
11.57875;1.513984;3.242051;0.4325668
11.637;1.55645;3.25836;0.4447002
11.69105;1.602993;3.273493;0.4579979
11.74886;1.676525;3.28968;0.4790072
11.79696;1.705167;3.303149;0.4871907
11.85322;1.787971;3.3189;0.5108488
11.91175;1.853006;3.33529;0.5294302
11.96844;1.91819;3.351162;0.5480542
12.02421;2.027569;3.36678;0.5793055
12.07483;2.101965;3.380954;0.6005614
12.12233;2.143958;3.394252;0.6125594
12.17513;2.268302;3.409037;0.6480864
12.23488;2.35766;3.425768;0.6736172
12.301;2.497178;3.444279;0.7134793
12.35671;2.593647;3.459878;0.7410422
12.40261;2.698109;3.472731;0.7708884
12.45182;2.804401;3.48651;0.8012575
12.5114;2.914978;3.503192;0.8328508
12.56271;3.031394;3.51756;0.8661125
12.6243;3.212507;3.534804;0.9178593
12.68444;3.339437;3.551643;0.9541247
12.74491;3.536049;3.568575;1.0103
12.80858;3.675396;3.586401;1.050113
12.85626;3.816652;3.599754;1.090472
12.90926;3.965527;3.614593;1.133008
12.95995;4.115514;3.628787;1.175861
12.99903;4.274143;3.639729;1.221184
13.0347;4.352833;3.649716;1.243667
13.06006;4.435716;3.656818;1.267347
13.08311;4.603417;3.663272;1.315262
13.11196;4.685834;3.67135;1.33881
13.14656;4.775581;3.681037;1.364452
13.18559;4.954182;3.691965;1.415481
13.23154;5.1347;3.704832;1.467057
13.27069;5.229037;3.715793;1.494011
13.31621;5.422767;3.72854;1.549362
13.35263;5.619501;3.738737;1.605572
13.39476;5.822563;3.750533;1.663589
13.42967;6.031246;3.760308;1.723213
13.47204;6.247052;3.772171;1.784872
13.51149;6.361077;3.783216;1.817451
13.5495;6.585814;3.79386;1.881661
13.58693;6.817292;3.804341;1.947798
13.61998;6.937046;3.813594;1.982013
13.66095;7.178479;3.825067;2.050994
13.69376;7.431074;3.834253;2.123164
13.73501;7.68672;3.845804;2.196206
13.76608;7.817042;3.854504;2.233441
13.79894;8.084809;3.863704;2.309946
13.83009;8.363207;3.872425;2.389488
13.86066;8.500875;3.880984;2.428822
13.89657;8.794084;3.891041;2.512595
13.92316;9.087201;3.898484;2.596343
13.9556;9.393723;3.907568;2.683921
13.9894;9.551637;3.917033;2.729039
14.04721;10.19698;3.933218;2.913422
14.07041;10.53546;3.939714;3.010132
14.08007;10.70966;3.942419;3.059902
14.10643;10.88451;3.949801;3.10986
14.13256;11.2435;3.957117;3.21243
14.15739;11.60999;3.964071;3.317139
14.17528;11.98953;3.969079;3.425579
14.20274;12.38059;3.976767;3.537313
14.23215;12.5828;3.985001;3.595085
14.25259;12.99015;3.990724;3.711471
14.27231;13.41061;3.996246;3.831603
14.28615;13.84111;4.000123;3.954604
14.3039;14.28678;4.005093;4.081936
14.31546;14.74435;4.008328;4.212671
14.3296;15.21702;4.012287;4.347722
14.32652;15.94728;4.011426;4.556367
14.33588;16.45608;4.014047;4.701737
14.35286;16.71512;4.0188;4.775748
14.3507;17.24396;4.018195;4.926845
14.33282;17.52903;4.013189;5.008296
14.26797;17.83655;3.995033;5.096158
14.15304;18.72129;3.96285;5.348941
14.09194;19.0062;3.945742;5.430344
13.97798;19.83579;3.913833;5.667368
13.89137;20.36465;3.889582;5.818472
13.80409;20.87532;3.865145;5.964377
13.74051;21.12701;3.847342;6.03629
13.62556;21.85045;3.815156;6.242986
13.56861;22.08222;3.799211;6.309206
13.48648;22.53411;3.776213;6.438319
13.40543;22.97035;3.75352;6.562958
13.31848;23.38984;3.729173;6.68281
13.21199;23.99166;3.699357;6.854761
13.15889;24.18503;3.68449;6.91001
13.05182;24.74418;3.654509;7.069766
12.96756;25.09498;3.630915;7.169995
12.89218;25.43443;3.609811;7.266981
12.81503;25.75812;3.588208;7.359463
12.7599;25.91376;3.572773;7.403932
12.66121;26.36639;3.545138;7.533256
12.58986;26.6533;3.525161;7.61523
12.51442;26.92403;3.504039;7.692582
12.44584;27.18387;3.484835;7.766821
12.36956;27.43145;3.463476;7.837557
12.30463;27.66654;3.445297;7.904727
12.22521;27.88918;3.42306;7.968337
12.16613;28.10349;3.406517;8.029569
12.09873;28.30622;3.387645;8.087493
12.02662;28.49573;3.367454;8.141638
11.94822;28.76066;3.345501;8.217331
11.88151;28.92724;3.326824;8.264926
11.8151;29.07689;3.308229;8.307684
11.76024;29.2197;3.292866;8.348487
11.67092;29.41757;3.267857;8.405021
11.583;29.59072;3.24324;8.454492
11.47616;29.79114;3.213324;8.511754
11.37139;29.95174;3.18399;8.55764
11.2911;30.04902;3.161509;8.585436
11.19128;30.15015;3.133558;8.614329
11.10669;30.19889;3.109872;8.628256
11.00756;30.2362;3.082116;8.638914
10.89284;30.23111;3.049996;8.63746
10.80429;30.18691;3.025201;8.624831
10.70342;30.08157;2.996957;8.594735
10.61214;29.95943;2.9714;8.559837
10.49662;29.66789;2.939053;8.476542
10.41705;29.45245;2.916773;8.414985
10.33779;29.13804;2.894581;8.325156
10.24416;28.6887;2.868366;8.196772
10.16026;28.15471;2.844872;8.044205
10.07002;27.32203;2.819607;7.806295
9.991102;26.45676;2.797509;7.559075
9.912253;25.46648;2.775431;7.276137
9.815262;23.98342;2.748273;6.852406
9.747731;22.25384;2.729365;6.358239
9.668447;19.51472;2.707165;5.575634
9.605715;17.09371;2.6896;4.883917
9.596644;16.48705;2.68706;4.710587
9.528907;13.55977;2.668094;3.874219
9.371155;9.79617;2.623923;2.798906
9.155297;6.397368;2.563483;1.827819
8.909776;3.857483;2.494737;1.102138
8.62049;1.784703;2.413737;0.5099151
8.351944;0.5389379;2.338544;0.1539823
8.091053;359.8151;2.265495;-0.05283029
7.812463;359.4679;2.18749;-0.1520211
7.542647;359.5607;2.111941;-0.1255144
7.285998;0.01100822;2.04008;0.003145207
7.012293;0.7944517;1.963442;0.2269862
6.74081;1.888292;1.887427;0.5395122
6.461801;3.257912;1.809304;0.930832
6.15127;4.884622;1.722356;1.395606
5.841978;6.725391;1.635754;1.92154
5.503454;8.928621;1.540967;2.551035
5.147984;11.08703;1.441436;3.167722
4.876821;12.77573;1.36551;3.650208
4.68922;12.11805;1.312982;3.4623
4.4993;11.66852;1.259804;3.333863
4.30225;11.43437;1.20463;3.266963
4.100007;11.36237;1.148002;3.246391
3.899208;11.41708;1.091778;3.262022
3.699247;11.59521;1.035789;3.312917
3.489691;11.87878;0.9771134;3.393937
3.277267;12.23261;0.9176347;3.495032
3.084902;12.64794;0.8637725;3.613697
2.891234;13.13558;0.8095456;3.753024
2.671746;13.74208;0.748089;3.926308
2.464387;14.43798;0.6900285;4.125138
2.240586;15.22633;0.6273642;4.350379
2.041249;15.97119;0.5715497;4.563197
1.820507;16.92858;0.509742;4.836737
1.600892;17.98415;0.4482498;5.13833
1.382797;19.14658;0.3871831;5.470453
1.174387;20.32263;0.3288282;5.806466
0.9657859;21.69183;0.27042;6.197665
0.7161862;23.41319;0.2005321;6.689483
0.5183476;24.9313;0.1451373;7.12323
0.2955248;26.82964;0.08274695;7.665613
0.1073476;28.74891;0.03005732;8.213973
8.537737E-07;29.94507;2.390566E-07;8.555735
1.707547E-06;32.38494;4.781132E-07;9.252841
0;34.65253;0;9.900723
1.707547E-06;36.47924;4.781132E-07;10
-1.707547E-06;38.15044;-4.781132E-07;10
0;39.40483;0;10
0;40.48598;0;10
1.707547E-06;41.41018;4.781132E-07;10
0;42.19352;0;10
1.707547E-06;42.87932;4.781132E-07;10
1.707547E-06;43.36512;4.781132E-07;10
-1.707547E-06;43.72247;-4.781132E-07;10
1.707547E-06;44.05738;4.781132E-07;10
0;44.25542;0;10
0;44.34498;0;10
0;44.31742;0;10
0;44.19308;0;10
1.707547E-06;43.95646;4.781132E-07;10
0;43.63965;0;10
-1.707547E-06;43.13223;-4.781132E-07;10
1.707547E-06;42.48568;4.781132E-07;10
1.707547E-06;41.68096;4.781132E-07;10
1.707547E-06;40.62518;4.781132E-07;10
1.707547E-06;39.42337;4.781132E-07;10
0;37.78193;0;10
0;35.79327;0;10
0;33.2365;0;9.496144
8.537737E-07;30.11604;2.390566E-07;8.604582
-1.707547E-06;29.15113;-4.781132E-07;8.328895
0;26.26345;0;7.503843
0;22.98726;0;6.567789
8.537737E-07;19.82899;2.390566E-07;5.665425
0;16.64382;0;4.755378
0;13.70091;0;3.914547
8.537737E-07;11.05664;2.390566E-07;3.159041
4.268868E-07;8.735078;1.195283E-07;2.495737
2.134434E-07;6.918455;5.976415E-08;1.976701
2.134434E-07;5.324693;5.976415E-08;1.521341
0;4.069994;0;1.162856
0;3.310578;0;0.9458796
1.067217E-07;3.089054;2.988208E-08;0.882587
-1.067217E-07;3.511143;-2.988208E-08;1.003184
-2.134434E-07;4.720661;-5.976415E-08;1.34876
0;6.957581;0;1.98788
8.537737E-07;10.04131;2.390566E-07;2.868947
0;14.42382;0;4.121091
0;15.18871;0;4.339632
8.537737E-07;17.5737;2.390566E-07;5.021057
8.537737E-07;20.20018;2.390566E-07;5.771479
-8.537737E-07;22.70011;-2.390566E-07;6.485746
0;24.89371;0;7.11249
0;26.03588;0;7.438824
0;26.28479;0;7.50994
0;25.38501;0;7.25286
0;23.38184;0;6.680525
8.537737E-07;20.65607;2.390566E-07;5.901735
0;17.02057;0;4.86302
4.268868E-07;13.52208;1.195283E-07;3.86345
0;11.81511;0;3.375746
-2.134434E-07;7.645697;-5.976415E-08;2.184485
-2.134434E-07;4.26817;-5.976415E-08;1.219477
-5.336085E-08;1.733263;-1.494104E-08;0.4952179
-1.667527E-09;359.9656;-4.669075E-10;-0.009817941
0;359.1339;0;-0.2474714
2.668043E-08;359.039;7.470519E-09;-0.2745797
0;359.6855;0;-0.08986991
0;1.011234;0;0.288924
1.067217E-07;2.826684;2.988208E-08;0.807624
-2.134434E-07;5.707843;-5.976415E-08;1.630812
0;8.367529;0;2.390723
-4.268868E-07;11.35829;-1.195283E-07;3.245227
0;14.60084;0;4.171669
0.7786519;17.0509;0.2180225;4.871685
1.555134;19.00483;0.4354375;5.42995
2.310688;20.46436;0.6469928;5.84696
3.068319;21.63693;0.8591292;6.181982
3.783004;22.45687;1.059241;6.41625
4.538154;23.20828;1.270683;6.630938
5.29023;23.73878;1.481264;6.78251
6.056378;24.13962;1.695786;6.897034
6.796275;24.38437;1.902957;6.966963
7.548728;24.51601;2.113644;7.004575
8.322118;24.51434;2.330193;7.004098
9.141052;24.37976;2.559495;6.965647
10.03316;23.98791;2.809284;6.853688
10.86322;23.39953;3.041701;6.68558
11.67765;22.64244;3.269742;6.469267
12.49593;21.58386;3.49886;6.166817
13.40087;20.09887;3.752244;5.742533
14.28333;18.17081;3.999332;5.19166
14.92437;16.78666;4.178822;4.796188
15.56554;15.4294;4.358351;4.4084
16.30569;14.08106;4.565595;4.023161
17.13695;12.70903;4.798345;3.631152
17.79236;11.83171;4.981861;3.38049
18.43814;11.10317;5.162679;3.172334
19.09868;10.54763;5.347631;3.01361
19.68254;10.16723;5.511112;2.904923
20.26841;9.914778;5.675154;2.832794
20.86181;9.82688;5.841307;2.80768
21.48046;9.871099;6.014529;2.820314
22.03061;10.02043;6.16857;2.862979
22.62027;10.32735;6.333674;2.950672
23.19639;10.70644;6.494989;3.058984
23.84141;11.25212;6.675594;3.214892
24.34901;11.72893;6.817724;3.351123
24.5266;11.89947;6.867449;3.399848
23.76016;11.40721;6.652845;3.259204
23.03139;10.98887;6.44879;3.139677
22.22049;10.56313;6.221736;3.018037
21.43654;10.24662;6.00223;2.927607
20.77763;9.987379;5.817736;2.853537
20.0698;9.760291;5.619545;2.788655
19.35701;9.543242;5.419963;2.72664
18.66097;9.38811;5.225073;2.682317
18.03518;9.235134;5.049849;2.63861
17.33841;9.103444;4.854754;2.600984
16.71939;8.995475;4.68143;2.570136
16.06493;8.905769;4.498179;2.544506
15.39277;8.826295;4.309977;2.521799
14.7504;8.761291;4.130113;2.503226
14.09024;8.708925;3.945268;2.488265
13.4938;8.670484;3.778265;2.477281
12.87114;8.648862;3.603919;2.471103
12.28127;8.627072;3.438756;2.464878
11.71835;8.620906;3.281139;2.463116
11.12977;8.62343;3.116335;2.463837
10.6201;8.630494;2.973627;2.465856
10.08869;8.648841;2.824832;2.471097
9.548162;8.670849;2.673486;2.477386
9.018044;8.702432;2.525052;2.486409
8.46459;8.753881;2.370085;2.501109
7.949732;8.802868;2.225925;2.515105
7.205881;8.892345;2.017647;2.54067
6.724459;8.954304;1.882849;2.558372
6.225858;9.034936;1.74324;2.58141
5.743864;9.119657;1.608282;2.605616
5.265518;9.213793;1.474345;2.632512
4.727054;9.355357;1.323575;2.672959
4.207846;9.473598;1.178197;2.706742
3.661639;9.648881;1.025259;2.756823
3.151086;9.814659;0.8823041;2.804188
2.634003;9.997987;0.7375208;2.856568
2.083686;10.22519;0.5834322;2.921482
1.506219;10.52563;0.4217414;3.007323
0.899955;10.8452;0.2519874;3.098628
0.2546797;11.25555;0.07131031;3.215872
-5.336085E-08;11.47562;-1.494104E-08;3.278749
-5.336085E-08;11.47562;-1.494104E-08;3.278749
-5.336085E-08;11.47562;-1.494104E-08;3.278749
-5.336085E-08;11.47562;-1.494104E-08;3.278749
-5.336085E-08;11.47562;-1.494104E-08;3.278749
-5.336085E-08;11.47562;-1.494104E-08;3.278749
-5.336085E-08;11.47562;-1.494104E-08;3.278749
-5.336085E-08;11.47562;-1.494104E-08;3.278749
-5.336085E-08;11.47562;-1.494104E-08;3.278749
-5.336085E-08;11.47562;-1.494104E-08;3.278749
-5.336085E-08;11.47562;-1.494104E-08;3.278749
-5.336085E-08;11.47562;-1.494104E-08;3.278749
-5.336085E-08;11.47562;-1.494104E-08;3.278749
-5.336085E-08;11.47562;-1.494104E-08;3.278749
-5.336085E-08;11.47562;-1.494104E-08;3.278749
-5.336085E-08;11.47562;-1.494104E-08;3.278749
-5.336085E-08;11.47562;-1.494104E-08;3.278749
-5.336085E-08;11.47562;-1.494104E-08;3.278749
-5.336085E-08;11.47562;-1.494104E-08;3.278749
-5.336085E-08;11.47562;-1.494104E-08;3.278749
-5.336085E-08;11.47562;-1.494104E-08;3.278749
-5.336085E-08;11.47562;-1.494104E-08;3.278749
-5.336085E-08;11.47562;-1.494104E-08;3.278749
-5.336085E-08;11.47562;-1.494104E-08;3.278749
-5.336085E-08;11.47562;-1.494104E-08;3.278749
-5.336085E-08;11.47562;-1.494104E-08;3.278749
-5.336085E-08;11.47562;-1.494104E-08;3.278749
-5.336085E-08;11.47562;-1.494104E-08;3.278749
-5.336085E-08;11.47562;-1.494104E-08;3.278749
-5.336085E-08;11.47562;-1.494104E-08;3.278749
-5.336085E-08;11.47562;-1.494104E-08;3.278749
-5.336085E-08;11.47562;-1.494104E-08;3.278749
-5.336085E-08;11.47562;-1.494104E-08;3.278749
-5.336085E-08;11.47562;-1.494104E-08;3.278749
-5.336085E-08;11.47562;-1.494104E-08;3.278749
-5.336085E-08;11.47562;-1.494104E-08;3.278749
-5.336085E-08;11.47562;-1.494104E-08;3.278749
-5.336085E-08;11.47562;-1.494104E-08;3.278749
-5.336085E-08;11.47562;-1.494104E-08;3.278749
-5.336085E-08;11.47562;-1.494104E-08;3.278749
-5.336085E-08;11.47562;-1.494104E-08;3.278749
-5.336085E-08;11.47562;-1.494104E-08;3.278749
-5.336085E-08;11.47562;-1.494104E-08;3.278749
-5.336085E-08;11.47562;-1.494104E-08;3.278749
-5.336085E-08;11.47562;-1.494104E-08;3.278749
-5.336085E-08;11.47562;-1.494104E-08;3.278749
-5.336085E-08;11.47562;-1.494104E-08;3.278749
-5.336085E-08;11.47562;-1.494104E-08;3.278749
-5.336085E-08;11.47562;-1.494104E-08;3.278749
-5.336085E-08;11.47562;-1.494104E-08;3.278749
-5.336085E-08;11.47562;-1.494104E-08;3.278749
-5.336085E-08;11.47562;-1.494104E-08;3.278749
-5.336085E-08;11.47562;-1.494104E-08;3.278749
-5.336085E-08;11.47562;-1.494104E-08;3.278749
-5.336085E-08;11.47562;-1.494104E-08;3.278749
-5.336085E-08;11.47562;-1.494104E-08;3.278749
-5.336085E-08;11.47562;-1.494104E-08;3.278749
-5.336085E-08;11.47562;-1.494104E-08;3.278749
-5.336085E-08;11.47562;-1.494104E-08;3.278749
-5.336085E-08;11.47562;-1.494104E-08;3.278749
-5.336085E-08;11.47562;-1.494104E-08;3.278749
-5.336085E-08;11.47562;-1.494104E-08;3.278749
-5.336085E-08;11.47562;-1.494104E-08;3.278749
-5.336085E-08;11.47562;-1.494104E-08;3.278749
-5.336085E-08;11.47562;-1.494104E-08;3.278749
-5.336085E-08;11.47562;-1.494104E-08;3.278749
-5.336085E-08;11.47562;-1.494104E-08;3.278749
-5.336085E-08;11.47562;-1.494104E-08;3.278749
-5.336085E-08;11.47562;-1.494104E-08;3.278749
-5.336085E-08;11.47562;-1.494104E-08;3.278749
-5.336085E-08;11.47562;-1.494104E-08;3.278749
-5.336085E-08;11.47562;-1.494104E-08;3.278749
-5.336085E-08;11.47562;-1.494104E-08;3.278749
-5.336085E-08;11.47562;-1.494104E-08;3.278749
-5.336085E-08;11.47562;-1.494104E-08;3.278749
-5.336085E-08;11.47562;-1.494104E-08;3.278749
-5.336085E-08;11.47562;-1.494104E-08;3.278749
-5.336085E-08;11.47562;-1.494104E-08;3.278749
-5.336085E-08;11.47562;-1.494104E-08;3.278749
-5.336085E-08;11.47562;-1.494104E-08;3.278749
-5.336085E-08;11.47562;-1.494104E-08;3.278749
-5.336085E-08;11.47562;-1.494104E-08;3.278749
-5.336085E-08;11.47562;-1.494104E-08;3.278749
-5.336085E-08;11.47562;-1.494104E-08;3.278749
-5.336085E-08;11.47562;-1.494104E-08;3.278749
-5.336085E-08;11.47562;-1.494104E-08;3.278749
-5.336085E-08;11.47562;-1.494104E-08;3.278749
-5.336085E-08;11.47562;-1.494104E-08;3.278749
-5.336085E-08;11.47562;-1.494104E-08;3.278749
-5.336085E-08;11.47562;-1.494104E-08;3.278749
-5.336085E-08;11.47562;-1.494104E-08;3.278749
-5.336085E-08;11.47562;-1.494104E-08;3.278749
-5.336085E-08;11.47562;-1.494104E-08;3.278749
-5.336085E-08;11.47562;-1.494104E-08;3.278749
-5.336085E-08;11.47562;-1.494104E-08;3.278749
-5.336085E-08;11.47562;-1.494104E-08;3.278749
-5.336085E-08;11.47562;-1.494104E-08;3.278749
-5.336085E-08;11.47562;-1.494104E-08;3.278749
-5.336085E-08;11.47562;-1.494104E-08;3.278749
-5.336085E-08;11.47562;-1.494104E-08;3.278749
-5.336085E-08;11.47562;-1.494104E-08;3.278749
-5.336085E-08;11.47562;-1.494104E-08;3.278749
-5.336085E-08;11.47562;-1.494104E-08;3.278749
-5.336085E-08;11.47562;-1.494104E-08;3.278749
-5.336085E-08;11.47562;-1.494104E-08;3.278749
-5.336085E-08;11.47562;-1.494104E-08;3.278749
-5.336085E-08;11.47562;-1.494104E-08;3.278749
-5.336085E-08;11.47562;-1.494104E-08;3.278749
-5.336085E-08;11.47562;-1.494104E-08;3.278749
-5.336085E-08;11.47562;-1.494104E-08;3.278749
-5.336085E-08;11.47562;-1.494104E-08;3.278749
-5.336085E-08;11.47562;-1.494104E-08;3.278749
-5.336085E-08;11.47562;-1.494104E-08;3.278749
-5.336085E-08;11.47562;-1.494104E-08;3.278749
-5.336085E-08;11.47562;-1.494104E-08;3.278749
-5.336085E-08;11.47562;-1.494104E-08;3.278749
-5.336085E-08;11.47562;-1.494104E-08;3.278749
-5.336085E-08;11.47562;-1.494104E-08;3.278749
-5.336085E-08;11.47562;-1.494104E-08;3.278749
-5.336085E-08;11.47562;-1.494104E-08;3.278749
-5.336085E-08;11.47562;-1.494104E-08;3.278749
-5.336085E-08;11.47562;-1.494104E-08;3.278749
-5.336085E-08;11.47562;-1.494104E-08;3.278749
-5.336085E-08;11.47562;-1.494104E-08;3.278749
-5.336085E-08;11.47562;-1.494104E-08;3.278749
-5.336085E-08;11.47562;-1.494104E-08;3.278749
-5.336085E-08;11.47562;-1.494104E-08;3.278749
-5.336085E-08;11.47562;-1.494104E-08;3.278749
-5.336085E-08;11.47562;-1.494104E-08;3.278749
-5.336085E-08;11.47562;-1.494104E-08;3.278749
-5.336085E-08;11.47562;-1.494104E-08;3.278749
-5.336085E-08;11.47562;-1.494104E-08;3.278749
